<?xml version="1.0" encoding="UTF-8"?>
<beans xmlns="http://www.springframework.org/schema/beans"
       xmlns:xsi="http://www.w3.org/2001/XMLSchema-instance"
       xmlns:context="http://www.springframework.org/schema/context"
       xsi:schemaLocation="http://www.springframework.org/schema/beans http://www.springframework.org/schema/beans/spring-beans.xsd
       http://www.springframework.org/schema/context http://www.springframework.org/schema/context/spring-context.xsd">

	<bean id="auditFactoryPostProcessor" class="com.zenika.tech.AuditFactoryPostProcessor"/>
	
    <bean class="com.zenika.tech.FactoryEntities" 
          id="factoryEntities" 
          init-method="initializeData"/>

    <bean class="com.zenika.ville.VilleRepositoryFactoryBean" 
          id="villeRepository">
        <constructor-arg ref="factoryEntities"/>
    </bean>
    
    <bean class="com.zenika.departement.DepartementRepositoryFactoryBean" 
          id="departementRepository">
        <constructor-arg ref="factoryEntities"/>
    </bean>
    
    <bean class="com.zenika.region.RegionRepositoryFactoryBean" 
          id="regionRepository">
        <constructor-arg ref="factoryEntities"/>
    </bean>
    
    <bean class="com.zenika.pays.PaysRepositoryFactoryBean" 
          id="paysRepository">
        <constructor-arg ref="factoryEntities"/>
    </bean>
</beans>